                  epoch,         train/box_loss,         train/cls_loss,         train/dfl_loss,   metrics/precision(B),      metrics/recall(B),       metrics/mAP50(B),    metrics/mAP50-95(B),           val/box_loss,           val/cls_loss,           val/dfl_loss,                 lr/pg0,                 lr/pg1,                 lr/pg2
                      1,                 1.0776,                 2.6809,                 1.1657,                0.04829,                0.93297,                0.69659,                0.53034,                0.88346,                 2.8233,                0.96499,             0.00025005,             0.00025005,             0.00025005
                      2,                0.84038,                 1.2372,                0.99563,                0.89145,                0.40636,                0.89111,                0.73126,                0.68983,                 2.5571,                0.91547,             0.00051421,             0.00051421,             0.00051421
                      3,                   0.76,                  1.031,                0.95774,                0.90558,                0.70472,                0.91041,                 0.7632,                0.66896,                 2.2517,                 0.9166,             0.00077573,             0.00077573,             0.00077573
                      4,                0.74093,                0.96513,                0.98177,                0.93341,                0.52762,                0.88245,                0.72194,                0.67457,                 2.4229,                0.92473,              0.0010346,              0.0010346,              0.0010346
                      5,                0.76176,                 0.9948,                0.97765,                0.84066,                0.85122,                0.92285,                0.75334,                0.68669,                 1.5804,                0.93257,              0.0012909,              0.0012909,              0.0012909
                      6,                0.71722,                0.86005,                0.96379,                0.87176,                0.81956,                0.91681,                0.77464,                0.65896,                 1.3917,                 0.9332,              0.0015445,              0.0015445,              0.0015445
                      7,                 0.6867,                0.84446,                0.96364,                0.96011,                0.87498,                0.92954,                0.80871,                0.60526,                 1.0002,                0.89866,              0.0016175,              0.0016175,              0.0016175
                      8,                0.71585,                0.84889,                0.97534,                0.92619,                0.89724,                0.92388,                0.77929,                0.56973,                0.88613,                0.88206,              0.0016092,              0.0016092,              0.0016092
                      9,                0.67838,                0.81484,                0.96151,                 0.9415,                0.86126,                  0.937,                0.81365,                0.56823,                 0.8694,                0.89364,               0.001601,               0.001601,               0.001601
                     10,                0.65512,                0.73301,                0.95101,                 0.9166,                0.90989,                0.93053,                0.81166,                0.54468,                 0.7729,                0.89205,              0.0015927,              0.0015927,              0.0015927
                     11,                0.65119,                0.70782,                0.94224,                0.94555,                 0.9037,                0.94579,                0.83883,                0.51343,                0.74423,                0.87193,              0.0015845,              0.0015845,              0.0015845
                     12,                0.64569,                 0.7135,                0.94992,                0.93839,                0.88655,                0.95801,                0.83766,                0.55032,                0.71332,                0.86927,              0.0015762,              0.0015762,              0.0015762
                     13,                0.63179,                0.68774,                0.94232,                0.90921,                0.94039,                0.96966,                0.82783,                0.58368,                0.70085,                 0.8809,               0.001568,               0.001568,               0.001568
                     14,                0.63881,                0.66432,                0.92127,                0.95017,                0.92406,                 0.9546,                0.83917,                0.52113,                0.67486,                0.85258,              0.0015597,              0.0015597,              0.0015597
                     15,                0.65546,                0.65665,                0.95809,                0.98592,                 0.8975,                0.97531,                0.84399,                0.54355,                0.63883,                0.86596,              0.0015515,              0.0015515,              0.0015515
                     16,                0.60621,                0.61926,                0.94091,                0.90072,                0.92254,                0.96506,                0.83835,                0.49468,                0.66048,                0.86372,              0.0015432,              0.0015432,              0.0015432
                     17,                 0.6176,                0.63596,                 0.9388,                0.95713,                0.90141,                0.98472,                0.85533,                0.48631,                0.57469,                0.84639,               0.001535,               0.001535,               0.001535
                     18,                 0.6084,                0.59132,                 0.9356,                0.86932,                0.95775,                0.96362,                0.82155,                0.55273,                0.59528,                0.86097,              0.0015267,              0.0015267,              0.0015267
                     19,                0.59785,                0.58365,                0.92947,                0.97882,                0.89533,                 0.9587,                0.82578,                0.50314,                0.55925,                0.85011,              0.0015185,              0.0015185,              0.0015185
                     20,                0.57647,                0.57307,                0.91636,                0.97448,                0.91872,                0.97187,                0.84178,                0.49728,                0.50607,                0.83144,              0.0015102,              0.0015102,              0.0015102
                     21,                0.57999,                0.55634,                0.92906,                0.96572,                0.88316,                0.96477,                0.85516,                0.47963,                0.52392,                0.83856,               0.001502,               0.001502,               0.001502
                     22,                 0.5851,                0.56517,                0.91938,                0.92575,                  0.925,                0.96258,                0.85787,                 0.4745,                0.57052,                0.83842,              0.0014937,              0.0014937,              0.0014937
                     23,                0.58591,                0.56775,                0.94029,                0.93067,                0.91048,                0.94517,                0.84049,                0.45828,                0.52848,                0.83155,              0.0014855,              0.0014855,              0.0014855
                     24,                0.56638,                0.53263,                0.92714,                0.90786,                0.95775,                0.96644,                0.85553,                 0.4865,                0.50206,                0.83395,              0.0014772,              0.0014772,              0.0014772
                     25,                0.58142,                  0.552,                 0.9271,                 0.9521,                0.89861,                0.95717,                0.85475,                0.44935,                0.54049,                 0.8192,               0.001469,               0.001469,               0.001469
                     26,                0.56206,                0.50569,                0.91314,                0.93835,                0.93502,                 0.9745,                0.87738,                0.44029,                0.46965,                0.82117,              0.0014607,              0.0014607,              0.0014607
                     27,                0.54352,                0.50927,                0.91052,                 0.9108,                0.87326,                0.95303,                0.85606,                0.44757,                0.56984,                0.83591,              0.0014525,              0.0014525,              0.0014525
                     28,                 0.5338,                0.48039,                0.91425,                0.91294,                0.96038,                0.97463,                0.88665,                0.43541,                0.43039,                0.82865,              0.0014442,              0.0014442,              0.0014442
                     29,                 0.5321,                0.48231,                0.90922,                0.93499,                0.86213,                0.95204,                 0.8528,                0.47368,                0.53933,                 0.8388,               0.001436,               0.001436,               0.001436
                     30,                0.56683,                0.48969,                0.92202,                0.82061,                0.89506,                0.93176,                0.84419,                0.48707,                0.71917,                0.83422,              0.0014277,              0.0014277,              0.0014277
                     31,                 0.5214,                0.47286,                 0.9044,                0.92874,                0.92932,                0.95908,                0.84045,                0.49339,                0.45419,                0.83542,              0.0014195,              0.0014195,              0.0014195
                     32,                0.53629,                0.46492,                0.90756,                0.92497,                 0.9633,                0.98219,                 0.8869,                 0.4558,                 0.4162,                0.81706,              0.0014112,              0.0014112,              0.0014112
                     33,                0.55754,                0.49472,                0.92215,                0.96097,                0.89335,                0.96147,                0.86096,                0.45179,                0.48999,                0.82701,              0.0014029,              0.0014029,              0.0014029
                     34,                0.55943,                0.47638,                0.91519,                  0.924,                0.95973,                0.98513,                0.87841,                 0.4585,                0.41051,                0.82822,              0.0013947,              0.0013947,              0.0013947
                     35,                0.52757,                0.45231,                 0.9045,                0.90435,                0.97006,                0.98082,                 0.8814,                0.46156,                0.41636,                0.82232,              0.0013864,              0.0013864,              0.0013864
                     36,                0.53392,                0.45336,                0.90176,                0.93997,                0.94001,                 0.9775,                0.89964,                0.44537,                0.39489,                0.81608,              0.0013782,              0.0013782,              0.0013782
                     37,                0.50801,                0.43559,                0.91013,                0.94749,                0.94705,                0.97943,                0.89292,                  0.454,                0.38947,                 0.8253,              0.0013699,              0.0013699,              0.0013699
                     38,                0.53215,                0.46019,                0.91448,                0.95233,                 0.9327,                0.97207,                0.89183,                0.42983,                 0.4091,                0.81551,              0.0013617,              0.0013617,              0.0013617
                     39,                0.51201,                0.43825,                 0.9051,                0.89732,                0.94366,                0.97123,                 0.8989,                0.40295,                0.39861,                0.80869,              0.0013534,              0.0013534,              0.0013534
                     40,                0.52064,                0.44755,                0.90827,                0.88039,                0.96453,                 0.9665,                0.90148,                0.39341,                0.39686,                0.80259,              0.0013452,              0.0013452,              0.0013452
                     41,                0.49884,                0.40587,                0.90051,                0.96459,                0.91738,                0.98269,                0.90475,                0.42767,                0.37137,                0.80917,              0.0013369,              0.0013369,              0.0013369
                     42,                0.50007,                0.43091,                0.89817,                 0.9584,                0.90837,                0.97992,                0.90125,                0.41646,                0.37289,                 0.8128,              0.0013287,              0.0013287,              0.0013287
                     43,                0.49285,                0.42018,                0.90181,                0.92455,                0.95821,                0.97625,                0.89579,                 0.4203,                0.37303,                0.81542,              0.0013204,              0.0013204,              0.0013204
                     44,                0.50753,                0.41977,                0.90975,                0.95099,                0.94705,                0.98116,                0.87549,                0.46885,                0.37719,                0.82994,              0.0013122,              0.0013122,              0.0013122
                     45,                0.51492,                0.42913,                0.90807,                0.94221,                0.96226,                0.98409,                0.91048,                0.42306,                0.36351,                0.82173,              0.0013039,              0.0013039,              0.0013039
                     46,                0.48148,                0.41358,                0.89737,                0.96001,                0.93902,                0.98151,                 0.9022,                0.42843,                 0.3775,                0.81865,              0.0012957,              0.0012957,              0.0012957
                     47,                0.49965,                0.42325,                0.89077,                 0.9475,                0.96114,                0.98261,                0.89008,                0.44035,                0.39058,                0.81704,              0.0012874,              0.0012874,              0.0012874
                     48,                0.48443,                0.41738,                0.89528,                0.92589,                0.96438,                0.98442,                0.89971,                0.43593,                0.37063,                0.81946,              0.0012792,              0.0012792,              0.0012792
                     49,                0.49451,                0.42614,                0.89312,                0.94318,                0.93724,                0.98051,                0.89786,                0.42276,                0.40026,                0.81707,              0.0012709,              0.0012709,              0.0012709
                     50,                0.49274,                0.40979,                0.88744,                0.96944,                0.91205,                0.97401,                0.89654,                0.40481,                0.38248,                0.80507,              0.0012627,              0.0012627,              0.0012627
                     51,                0.49247,                 0.4353,                0.90549,                0.96215,                0.91159,                0.97832,                0.90129,                0.40679,                0.36438,                0.80905,              0.0012544,              0.0012544,              0.0012544
                     52,                0.48713,                0.40638,                0.89593,                0.92313,                0.94589,                0.97261,                0.89578,                 0.4367,                0.38083,                0.82113,              0.0012462,              0.0012462,              0.0012462
                     53,                0.48707,                0.41587,                0.87864,                 0.9176,                0.96207,                0.98167,                0.89628,                0.46245,                0.42651,                0.83494,              0.0012379,              0.0012379,              0.0012379
                     54,                0.47742,                0.39869,                0.89084,                0.91096,                0.94308,                0.97384,                0.89475,                0.44466,                 0.4267,                0.82674,              0.0012297,              0.0012297,              0.0012297
                     55,                0.48345,                0.40283,                0.89226,                0.92997,                0.90563,                0.96801,                0.90535,                0.41319,                  0.402,                0.81044,              0.0012214,              0.0012214,              0.0012214
                     56,                0.48682,                0.40489,                0.89056,                0.93347,                0.92838,                0.97341,                0.89886,                0.41705,                0.35277,                0.81324,              0.0012132,              0.0012132,              0.0012132
                     57,                0.49184,                0.39272,                0.89328,                0.91862,                0.92173,                0.96552,                0.89001,                0.44429,                0.41686,                0.81473,              0.0012049,              0.0012049,              0.0012049
                     58,                 0.5102,                0.39708,                0.89638,                0.93393,                0.88746,                0.96789,                0.89141,                0.44077,                0.45897,                0.81497,              0.0011967,              0.0011967,              0.0011967
                     59,                0.49271,                0.39318,                 0.9045,                0.89588,                0.99143,                0.98241,                0.90974,                0.41722,                0.36587,                 0.8071,              0.0011884,              0.0011884,              0.0011884
                     60,                0.46683,                0.38065,                 0.8827,                0.90068,                 0.9927,                0.98385,                0.92234,                0.40902,                0.35447,                0.81209,              0.0011802,              0.0011802,              0.0011802
                     61,                0.47657,                0.38325,                0.89701,                  0.923,                0.94565,                0.97172,                0.90671,                0.43474,                0.38448,                0.82484,              0.0011719,              0.0011719,              0.0011719
                     62,                0.46544,                0.39171,                0.87987,                 0.9509,                0.92958,                0.98239,                0.91072,                0.40048,                0.33757,                0.81956,              0.0011636,              0.0011636,              0.0011636
                     63,                0.46897,                0.38837,                0.88867,                0.95408,                0.96479,                0.98623,                0.92257,                0.39877,                0.31575,                0.81256,              0.0011554,              0.0011554,              0.0011554
                     64,                0.47725,                0.39473,                 0.8922,                0.94299,                0.93845,                0.98326,                0.90853,                0.41205,                0.34504,                0.81098,              0.0011471,              0.0011471,              0.0011471
                     65,                0.47371,                 0.3853,                0.88488,                0.95682,                0.94366,                0.98424,                0.92439,                0.40299,                0.34635,                0.80439,              0.0011389,              0.0011389,              0.0011389
                     66,                0.47825,                 0.3737,                0.88659,                0.94601,                0.95775,                 0.9857,                0.92467,                0.41006,                0.32962,                0.80922,              0.0011306,              0.0011306,              0.0011306
                     67,                0.46547,                0.38015,                0.87863,                0.96593,                0.95775,                0.98771,                0.91839,                   0.38,                0.29573,                0.80478,              0.0011224,              0.0011224,              0.0011224
                     68,                0.44751,                 0.3609,                0.89133,                0.95573,                0.94705,                0.98563,                0.92073,                0.39921,                 0.3128,                0.80842,              0.0011141,              0.0011141,              0.0011141
                     69,                0.46811,                0.38138,                0.88241,                0.97448,                0.91655,                0.97994,                0.91508,                0.39983,                0.34261,                0.80881,              0.0011059,              0.0011059,              0.0011059
                     70,                0.44895,                0.35713,                0.87589,                0.93545,                0.94225,                0.97424,                0.90064,                0.40734,                0.36021,                0.82134,              0.0010976,              0.0010976,              0.0010976
                     71,                0.45593,                0.36839,                0.88541,                0.96727,                0.94157,                0.98432,                0.91487,                0.43318,                0.33564,                0.83362,              0.0010894,              0.0010894,              0.0010894
                     72,                0.45702,                0.37893,                0.88099,                 0.9706,                0.94879,                0.98568,                0.91445,                0.42522,                0.30387,                0.82762,              0.0010811,              0.0010811,              0.0010811
                     73,                0.44751,                0.36521,                0.88518,                 0.9449,                0.95839,                0.98089,                0.91598,                0.41646,                0.30992,                 0.8191,              0.0010729,              0.0010729,              0.0010729
                     74,                0.45438,                0.36378,                0.87415,                0.96151,                0.94366,                0.98437,                0.90414,                0.43302,                0.32079,                0.82372,              0.0010646,              0.0010646,              0.0010646
                     75,                0.46979,                0.36462,                0.90012,                0.96062,                0.94705,                 0.9847,                0.90867,                0.40682,                0.32589,                0.81846,              0.0010564,              0.0010564,              0.0010564
                     76,                0.47109,                0.35452,                0.89857,                 0.9179,                0.97266,                0.97786,                0.90441,                0.41805,                0.32635,                0.82427,              0.0010481,              0.0010481,              0.0010481
                     77,                0.47461,                 0.3793,                0.88852,                0.93082,                0.98566,                0.98546,                0.92049,                0.41943,                0.32012,                0.82172,              0.0010399,              0.0010399,              0.0010399
                     78,                0.44812,                0.34715,                0.88818,                0.95575,                 0.9434,                0.98152,                0.91285,                0.40201,                0.31496,                0.81377,              0.0010316,              0.0010316,              0.0010316
                     79,                0.42457,                0.33168,                0.87152,                0.94857,                0.96415,                0.98561,                0.91891,                0.41307,                0.32348,                0.81063,              0.0010234,              0.0010234,              0.0010234
                     80,                0.42777,                0.35667,                0.86722,                0.95031,                0.95045,                0.98114,                0.92391,                0.41205,                0.32111,                0.81128,              0.0010151,              0.0010151,              0.0010151
                     81,                0.44332,                0.35668,                0.88146,                0.92928,                0.95775,                0.98306,                0.91498,                0.39589,                0.31614,                0.80492,              0.0010069,              0.0010069,              0.0010069
                     82,                0.42478,                0.35331,                0.86741,                0.93649,                0.95775,                 0.9823,                0.93163,                 0.3817,                0.31453,                0.80278,             0.00099862,             0.00099862,             0.00099862
                     83,                0.43742,                0.35999,                0.87837,                0.92291,                0.96804,                0.98239,                 0.9235,                0.40136,                0.34124,                0.80827,             0.00099036,             0.00099036,             0.00099036
                     84,                0.45173,                0.35512,                0.88825,                0.96368,                0.96444,                 0.9879,                0.92044,                0.42284,                0.31166,                0.82222,             0.00098211,             0.00098211,             0.00098211
                     85,                0.42838,                0.35366,                0.87141,                0.93097,                 0.9772,                 0.9868,                0.92208,                0.42672,                 0.3099,                0.81561,             0.00097386,             0.00097386,             0.00097386
                     86,                0.43494,                0.35024,                0.87559,                0.94882,                0.96379,                0.98311,                0.91657,                0.42189,                0.31752,                0.80309,             0.00096561,             0.00096561,             0.00096561
                     87,                0.46159,                0.36848,                0.88658,                0.97018,                0.94829,                0.98832,                0.92268,                0.41663,                0.31177,                0.80268,             0.00095736,             0.00095736,             0.00095736
                     88,                0.43456,                0.33207,                0.86264,                 0.9681,                0.93481,                0.98556,                0.91784,                0.41023,                0.31205,                0.80895,             0.00094911,             0.00094911,             0.00094911
                     89,                 0.4303,                0.33854,                0.88184,                0.96222,                0.93881,                0.98353,                0.92833,                0.39486,                0.28985,                0.80249,             0.00094085,             0.00094085,             0.00094085
                     90,                0.43237,                 0.3306,                0.86944,                0.94751,                0.96853,                 0.9876,                0.93416,                0.39893,                0.29139,                0.80592,              0.0009326,              0.0009326,              0.0009326
                     91,                0.41311,                0.32062,                0.87271,                0.92603,                0.97251,                0.98212,                0.92776,                0.39048,                0.31447,                0.80852,             0.00092435,             0.00092435,             0.00092435
                     92,                0.43153,                0.34346,                0.87298,                 0.9372,                0.96961,                0.98438,                0.93182,                0.38924,                0.30524,                0.80696,              0.0009161,              0.0009161,              0.0009161
                     93,                0.40826,                0.32555,                0.87316,                0.95959,                0.95172,                0.98449,                0.92862,                0.39426,                0.29352,                0.81175,             0.00090785,             0.00090785,             0.00090785
                     94,                0.42557,                0.33618,                0.86986,                0.92883,                0.94168,                0.96431,                0.91003,                0.40666,                0.35094,                0.81553,              0.0008996,              0.0008996,              0.0008996
                     95,                0.42869,                0.34475,                0.87129,                0.95238,                0.94705,                0.98506,                0.92556,                0.40263,                0.29691,                0.81187,             0.00089134,             0.00089134,             0.00089134
                     96,                0.44302,                 0.3347,                0.87254,                0.93906,                0.97854,                0.98894,                0.93072,                0.38705,                0.28608,                0.80735,             0.00088309,             0.00088309,             0.00088309
                     97,                0.42039,                0.32147,                0.86907,                0.94087,                0.96479,                0.98623,                0.92134,                0.38374,                  0.273,                0.80407,             0.00087484,             0.00087484,             0.00087484
                     98,                0.41946,                0.33018,                0.86476,                0.92586,                0.98755,                0.98733,                0.92629,                0.38159,                0.28046,                0.80076,             0.00086659,             0.00086659,             0.00086659
                     99,                0.40814,                0.31128,                0.87602,                0.94927,                0.97887,                0.98711,                0.92728,                0.37802,                0.27335,                0.80481,             0.00085834,             0.00085834,             0.00085834
                    100,                 0.4192,                0.33179,                0.87259,                0.98158,                0.95163,                0.98849,                0.93433,                 0.3885,                0.26039,                0.80356,             0.00085009,             0.00085009,             0.00085009
                    101,                0.41019,                0.31088,                0.86384,                0.94038,                0.97862,                0.98712,                0.92865,                0.38209,                0.26364,                0.80361,             0.00084184,             0.00084184,             0.00084184
                    102,                 0.4215,                0.32544,                0.88112,                0.96408,                0.96479,                0.98911,                 0.9323,                 0.3874,                0.26025,                0.80379,             0.00083358,             0.00083358,             0.00083358
                    103,                0.41661,                0.30584,                0.86869,                0.97182,                0.96731,                0.98975,                0.93405,                0.37368,                0.26244,                0.80112,             0.00082533,             0.00082533,             0.00082533
                    104,                0.41537,                 0.3251,                0.87021,                0.93251,                0.96818,                0.98364,                0.92855,                0.37264,                0.30606,                0.80028,             0.00081708,             0.00081708,             0.00081708
                    105,                0.39908,                0.31254,                0.85681,                0.93134,                0.96285,                 0.9808,                0.92424,                 0.3678,                 0.3318,                0.79867,             0.00080883,             0.00080883,             0.00080883
                    106,                 0.4262,                0.32166,                 0.8721,                0.94716,                0.97887,                0.98777,                0.93383,                0.37132,                0.26849,                0.80059,             0.00080058,             0.00080058,             0.00080058
                    107,                0.41048,                0.33146,                0.86428,                0.95753,                0.96114,                0.98525,                0.92778,                0.39844,                0.28779,                0.80812,             0.00079233,             0.00079233,             0.00079233
                    108,                0.40497,                0.31223,                0.86522,                0.96246,                0.96245,                0.98571,                0.93141,                0.39668,                0.28679,                0.80255,             0.00078407,             0.00078407,             0.00078407
                    109,                0.42654,                0.32083,                0.86721,                 0.9503,                0.96067,                0.98795,                0.93277,                0.37725,                0.27608,                0.80009,             0.00077582,             0.00077582,             0.00077582
                    110,                0.40807,                0.32742,                0.88129,                0.92569,                0.97887,                0.98524,                0.93158,                0.37871,                0.28364,                0.80206,             0.00076757,             0.00076757,             0.00076757
                    111,                0.40836,                0.31258,                0.87357,                0.92978,                0.96479,                0.98331,                0.92245,                0.38987,                0.27972,                 0.8132,             0.00075932,             0.00075932,             0.00075932
                    112,                0.40502,                0.31438,                0.86998,                0.94294,                0.96359,                0.98652,                0.93761,                0.38795,                 0.2877,                0.80603,             0.00075107,             0.00075107,             0.00075107
                    113,                0.39196,                0.30158,                0.85709,                0.94405,                0.96453,                0.98655,                0.93239,                0.38563,                0.29008,                0.80298,             0.00074282,             0.00074282,             0.00074282
                    114,                0.40917,                0.30867,                0.86838,                0.93913,                0.96479,                 0.9866,                0.93446,                0.38645,                0.27933,                0.80277,             0.00073456,             0.00073456,             0.00073456
                    115,                0.40653,                0.30148,                0.86344,                0.96223,                0.95775,                0.98401,                0.93058,                0.38588,                0.29335,                0.80222,             0.00072631,             0.00072631,             0.00072631
                    116,                0.41552,                0.33118,                0.86867,                0.95264,                0.93985,                0.98188,                0.93172,                0.40543,                0.32205,                0.80853,             0.00071806,             0.00071806,             0.00071806
                    117,                0.39614,                0.30775,                0.85946,                0.95323,                0.93611,                0.98263,                0.93349,                0.41744,                0.34046,                 0.8108,             0.00070981,             0.00070981,             0.00070981
                    118,                0.39203,                0.30791,                 0.8582,                0.93617,                0.96453,                0.98592,                0.93686,                0.40271,                0.29365,                0.80639,             0.00070156,             0.00070156,             0.00070156
                    119,                0.38321,                0.31794,                 0.8585,                0.95317,                0.93976,                0.98179,                0.93369,                0.38778,                0.30894,                 0.8056,             0.00069331,             0.00069331,             0.00069331
                    120,                0.39904,                0.30676,                0.86646,                0.94944,                0.93636,                0.98278,                0.93347,                0.39048,                  0.294,                 0.8084,             0.00068505,             0.00068505,             0.00068505
                    121,                0.38291,                0.29519,                0.86806,                0.93257,                0.96005,                0.98429,                0.93092,                0.38241,                0.26315,                0.80368,              0.0006768,              0.0006768,              0.0006768
                    122,                0.38559,                0.29264,                0.85494,                0.95108,                0.94705,                0.98617,                0.93824,                0.36804,                0.27614,                0.79884,             0.00066855,             0.00066855,             0.00066855
                    123,                0.40115,                0.30104,                0.86483,                0.95905,                0.93604,                0.98373,                 0.9345,                0.36227,                0.28313,                0.79626,              0.0006603,              0.0006603,              0.0006603
                    124,                0.38725,                0.29546,                0.86556,                 0.9693,                0.93976,                0.98101,                0.93754,                0.36924,                0.30396,                 0.7949,             0.00065205,             0.00065205,             0.00065205
                    125,                0.38237,                0.29603,                0.85603,                0.96152,                0.94271,                0.98605,                  0.936,                0.37155,                0.27972,                0.79358,              0.0006438,              0.0006438,              0.0006438
                    126,                0.38247,                0.29826,                0.86039,                0.98247,                0.94475,                0.99024,                0.94378,                0.37269,                0.25665,                0.79544,             0.00063554,             0.00063554,             0.00063554
                    127,                0.38946,                0.30866,                0.85847,                0.93096,                0.97887,                0.98859,                0.94251,                0.36379,                0.27691,                0.79451,             0.00062729,             0.00062729,             0.00062729
                    128,                0.39238,                0.28887,                0.86621,                0.94684,                0.95045,                0.98348,                0.93072,                0.38214,                0.30272,                0.80002,             0.00061904,             0.00061904,             0.00061904
                    129,                0.39308,                0.30728,                0.86227,                0.94005,                0.96212,                0.98367,                0.92734,                0.38424,                0.30057,                0.79884,             0.00061079,             0.00061079,             0.00061079
                    130,                0.38768,                0.29559,                0.86379,                0.93477,                   0.97,                 0.9862,                0.93798,                0.36098,                0.29477,                0.79126,             0.00060254,             0.00060254,             0.00060254
                    131,                0.38137,                0.28987,                 0.8593,                0.95968,                0.94324,                0.98659,                0.93989,                0.34348,                0.29517,                0.78776,             0.00059429,             0.00059429,             0.00059429
                    132,                0.39348,                0.29379,                0.86852,                0.93889,                0.95895,                0.98527,                0.93663,                0.35709,                0.28369,                0.79155,             0.00058603,             0.00058603,             0.00058603
                    133,                0.40219,                0.30017,                0.86755,                0.95133,                 0.9484,                0.98403,                 0.9332,                0.37312,                0.29131,                0.79339,             0.00057778,             0.00057778,             0.00057778
                    134,                0.38429,                0.29423,                0.85609,                0.94848,                0.95574,                0.98517,                0.93693,                0.37005,                 0.2825,                 0.7942,             0.00056953,             0.00056953,             0.00056953
                    135,                0.37695,                0.28593,                0.85428,                0.94371,                0.96282,                0.98443,                0.93954,                0.37127,                0.27556,                0.79093,             0.00056128,             0.00056128,             0.00056128
                    136,                0.37584,                0.28966,                0.85339,                0.95218,                0.96309,                0.98591,                0.93972,                0.35899,                0.26666,                0.78647,             0.00055303,             0.00055303,             0.00055303
                    137,                0.37178,                 0.2762,                0.85079,                0.95011,                0.96114,                0.98655,                0.94621,                0.35408,                0.25658,                0.78556,             0.00054478,             0.00054478,             0.00054478
                    138,                0.37028,                0.28062,                0.85681,                0.94991,                0.95591,                0.98559,                0.94419,                0.34904,                0.26356,                0.78676,             0.00053652,             0.00053652,             0.00053652
                    139,                0.36763,                0.27925,                 0.8559,                0.97182,                0.93769,                0.98733,                0.94259,                0.34047,                0.25526,                0.78779,             0.00052827,             0.00052827,             0.00052827
                    140,                0.37854,                0.27706,                0.86325,                0.93958,                0.96987,                0.98831,                 0.9464,                0.34601,                0.25447,                0.78847,             0.00052002,             0.00052002,             0.00052002
                    141,                0.35534,                0.27289,                0.84648,                 0.9473,                0.96701,                0.98728,                 0.9457,                0.34681,                0.25644,                 0.7889,             0.00051177,             0.00051177,             0.00051177
                    142,                0.37989,                0.27277,                0.85361,                0.95181,                0.96453,                0.98687,                0.94701,                0.35199,                 0.2675,                0.78719,             0.00050352,             0.00050352,             0.00050352
                    143,                 0.3571,                0.27085,                0.84073,                0.96173,                0.95749,                0.98796,                0.94743,                0.34232,                0.27009,                0.78628,             0.00049527,             0.00049527,             0.00049527
                    144,                 0.3755,                0.27978,                0.86418,                0.96019,                0.96479,                0.98901,                0.94336,                0.35107,                0.24948,                0.79295,             0.00048701,             0.00048701,             0.00048701
                    145,                0.37535,                0.26955,                0.86019,                0.95976,                 0.9575,                0.98767,                0.94213,                0.36068,                0.26508,                 0.7966,             0.00047876,             0.00047876,             0.00047876
                    146,                0.35516,                0.27323,                0.85633,                0.93221,                  0.976,                0.98726,                0.94061,                0.35895,                0.26634,                0.79641,             0.00047051,             0.00047051,             0.00047051
                    147,                0.36567,                0.26132,                0.85268,                 0.9438,                0.96416,                0.98716,                0.94388,                0.36566,                0.26381,                0.79454,             0.00046226,             0.00046226,             0.00046226
                    148,                0.37065,                0.28207,                0.86263,                0.91367,                0.97427,                0.98476,                0.93873,                0.37529,                0.27924,                0.79601,             0.00045401,             0.00045401,             0.00045401
                    149,                0.37815,                0.27378,                0.85366,                0.98077,                0.94482,                0.98795,                0.94404,                0.36752,                0.26077,                0.79447,             0.00044576,             0.00044576,             0.00044576
                    150,                0.35934,                0.27559,                0.85784,                0.95948,                0.96036,                0.98868,                0.94333,                0.36704,                0.25237,                0.79434,              0.0004375,              0.0004375,              0.0004375
                    151,                0.34452,                0.25704,                0.83786,                0.95873,                0.97024,                0.98787,                0.94507,                0.36372,                0.26362,                 0.7932,             0.00042925,             0.00042925,             0.00042925
                    152,                0.35705,                0.26501,                0.85074,                0.94639,                0.97887,                0.98718,                0.93939,                0.35225,                0.25513,                 0.7917,               0.000421,               0.000421,               0.000421
                    153,                0.35659,                 0.2885,                0.84077,                 0.9642,                0.95749,                0.98756,                0.94244,                0.34904,                 0.2559,                0.79003,             0.00041275,             0.00041275,             0.00041275
                    154,                0.36263,                0.27187,                0.85621,                 0.9677,                0.96114,                0.98984,                0.94328,                0.35328,                 0.2624,                0.79181,              0.0004045,              0.0004045,              0.0004045
                    155,                0.37511,                0.28032,                0.86135,                0.96741,                0.96138,                0.99036,                0.94742,                0.34743,                0.26058,                0.79159,             0.00039625,             0.00039625,             0.00039625
                    156,                0.35924,                0.27936,                0.85063,                0.95948,                0.97887,                0.98985,                 0.9457,                0.35858,                0.24852,                0.79159,             0.00038799,             0.00038799,             0.00038799
                    157,                0.34575,                0.26639,                0.85564,                0.95723,                0.97183,                0.98844,                0.94873,                0.35912,                0.25256,                0.79084,             0.00037974,             0.00037974,             0.00037974
                    158,                0.35346,                0.26461,                0.85028,                0.95593,                0.97603,                 0.9878,                0.94482,                0.36533,                0.26202,                 0.7928,             0.00037149,             0.00037149,             0.00037149
                    159,                0.36505,                0.25477,                0.85213,                0.96854,                0.97183,                0.98988,                0.94586,                0.36453,                0.24761,                0.79228,             0.00036324,             0.00036324,             0.00036324
                    160,                0.35645,                0.26788,                0.84862,                0.95443,                0.97475,                0.98933,                0.94536,                0.37228,                0.25272,                 0.7945,             0.00035499,             0.00035499,             0.00035499
                    161,                0.35929,                0.26833,                0.84876,                0.95438,                0.96818,                0.98875,                0.94576,                0.37291,                0.25236,                0.79568,             0.00034674,             0.00034674,             0.00034674
                    162,                0.34625,                 0.2564,                 0.8544,                0.94726,                0.96279,                0.98655,                0.94518,                0.35799,                0.25559,                0.79123,             0.00033848,             0.00033848,             0.00033848
                    163,                0.35615,                0.26646,                0.84238,                0.93968,                0.96789,                0.98739,                0.94505,                0.35485,                0.25607,                 0.7884,             0.00033023,             0.00033023,             0.00033023
                    164,                0.34048,                0.25196,                0.85055,                0.94199,                0.96818,                0.98816,                0.94701,                  0.354,                0.24516,                0.78809,             0.00032198,             0.00032198,             0.00032198
                    165,                0.34936,                0.26297,                0.85102,                 0.9403,                0.97297,                0.98733,                0.94417,                0.37363,                0.25231,                0.79294,             0.00031373,             0.00031373,             0.00031373
                    166,                0.35921,                0.26428,                0.84958,                0.93366,                0.97379,                0.98703,                0.94554,                0.36722,                0.25362,                0.79413,             0.00030548,             0.00030548,             0.00030548
                    167,                0.35052,                0.25913,                0.84783,                0.94149,                0.97101,                0.98764,                0.94508,                0.35947,                0.25793,                 0.7909,             0.00029723,             0.00029723,             0.00029723
                    168,                0.34224,                0.25071,                 0.8406,                0.95062,                0.96818,                0.98858,                0.94485,                0.35956,                0.24999,                0.79088,             0.00028897,             0.00028897,             0.00028897
                    169,                0.32203,                0.24598,                0.84318,                 0.9504,                0.96932,                0.98828,                0.94499,                0.35285,                0.24666,                0.78889,             0.00028072,             0.00028072,             0.00028072
                    170,                0.32614,                0.24922,                0.83784,                0.95902,                0.96803,                 0.9879,                 0.9452,                0.35293,                0.24079,                 0.7881,             0.00027247,             0.00027247,             0.00027247
                    171,                0.33993,                0.26364,                0.84648,                 0.9591,                0.96587,                0.98793,                  0.945,                0.34965,                0.22799,                0.78931,             0.00026422,             0.00026422,             0.00026422
                    172,                0.33988,                0.25576,                0.83618,                0.95446,                0.96741,                 0.9882,                 0.9396,                0.35149,                0.23427,                0.78912,             0.00025597,             0.00025597,             0.00025597
                    173,                0.32833,                0.23731,                 0.8436,                0.95331,                0.96708,                0.98816,                0.94718,                0.35845,                0.23627,                 0.7902,             0.00024772,             0.00024772,             0.00024772
                    174,                0.33874,                0.25431,                0.85089,                 0.9662,                0.95871,                0.98956,                0.94755,                0.35425,                0.23771,                 0.7901,             0.00023946,             0.00023946,             0.00023946
                    175,                0.33183,                0.25277,                0.84864,                0.95879,                0.95602,                0.99013,                0.95052,                0.35195,                0.23296,                0.79055,             0.00023121,             0.00023121,             0.00023121
                    176,                0.32597,                0.24911,                0.84138,                0.94989,                0.97315,                 0.9901,                0.94801,                0.35387,                0.22716,                0.79118,             0.00022296,             0.00022296,             0.00022296
                    177,                0.33598,                0.24553,                0.84317,                0.94999,                0.97671,                0.98984,                0.94898,                0.35199,                0.22845,                0.79037,             0.00021471,             0.00021471,             0.00021471
                    178,                0.32772,                0.24306,                0.84152,                0.95016,                0.97348,                0.98994,                  0.949,                0.35517,                0.23162,                0.79072,             0.00020646,             0.00020646,             0.00020646
                    179,                0.32089,                0.23564,                0.84213,                0.98757,                0.94468,                0.99004,                0.95294,                0.35951,                0.23054,                0.79142,             0.00019821,             0.00019821,             0.00019821
                    180,                0.33657,                 0.2423,                0.84481,                0.98146,                 0.9446,                0.98969,                0.94985,                0.35887,                0.23226,                0.79137,             0.00018995,             0.00018995,             0.00018995
                    181,                 0.3292,                0.23752,                0.84505,                0.97656,                0.94581,                0.98961,                0.94929,                0.35978,                0.23371,                0.79283,              0.0001817,              0.0001817,              0.0001817
                    182,                0.32535,                0.25417,                0.84689,                0.94966,                 0.9757,                0.98953,                0.94913,                0.35817,                0.23267,                0.79379,             0.00017345,             0.00017345,             0.00017345
                    183,                0.33774,                0.24311,                0.84761,                0.96194,                0.96479,                0.98908,                0.94955,                0.36018,                0.23992,                 0.7937,              0.0001652,              0.0001652,              0.0001652
                    184,                0.32465,                0.24416,                0.84034,                0.96206,                0.96479,                0.98947,                0.95129,                0.35461,                 0.2343,                0.79297,             0.00015695,             0.00015695,             0.00015695
                    185,                0.32444,                0.23619,                0.84249,                0.95233,                0.97183,                0.98944,                0.94869,                0.35241,                0.23627,                0.79268,              0.0001487,              0.0001487,              0.0001487
                    186,                0.32237,                0.23789,                0.83735,                0.96605,                0.95612,                0.98895,                0.94678,                0.35256,                0.24042,                0.79108,             0.00014044,             0.00014044,             0.00014044
                    187,                 0.3145,                0.23899,                0.83975,                0.94567,                0.98318,                0.98923,                0.94861,                0.35304,                0.23308,                0.78861,             0.00013219,             0.00013219,             0.00013219
                    188,                0.31978,                0.23246,                0.83978,                0.94555,                0.98113,                0.98908,                0.94848,                0.34846,                0.24058,                  0.787,             0.00012394,             0.00012394,             0.00012394
                    189,                0.31925,                0.23582,                0.83404,                0.95206,                0.97522,                0.98826,                0.94885,                0.34825,                0.24027,                0.78619,             0.00011569,             0.00011569,             0.00011569
                    190,                0.32313,                0.23622,                0.83806,                0.96668,                0.97467,                0.98857,                0.95259,                0.35027,                 0.2366,                 0.7863,             0.00010744,             0.00010744,             0.00010744
                    191,                0.30434,                0.21692,                0.82155,                0.96732,                0.97334,                  0.989,                0.94814,                0.34771,                 0.2393,                0.78698,             9.9187e-05,             9.9187e-05,             9.9187e-05
                    192,                0.30102,                0.21283,                0.81636,                0.96612,                0.96904,                0.99028,                0.94889,                 0.3461,                0.23294,                0.78732,             9.0935e-05,             9.0935e-05,             9.0935e-05
                    193,                0.29656,                0.21549,                0.82413,                0.97493,                0.97066,                0.99072,                0.95035,                0.34552,                0.22858,                 0.7872,             8.2683e-05,             8.2683e-05,             8.2683e-05
                    194,                 0.2885,                0.20109,                0.82001,                0.97216,                0.97183,                0.99053,                 0.9489,                  0.349,                0.23148,                0.78824,             7.4432e-05,             7.4432e-05,             7.4432e-05
                    195,                0.28707,                0.20006,                0.81793,                0.97084,                0.97183,                0.99046,                0.94881,                0.34968,                 0.2352,                0.79043,              6.618e-05,              6.618e-05,              6.618e-05
                    196,                0.29368,                0.20605,                0.82041,                0.97376,                 0.9766,                0.98982,                 0.9468,                0.35131,                0.23705,                0.79203,             5.7928e-05,             5.7928e-05,             5.7928e-05
                    197,                0.28884,                0.20776,                0.82925,                0.97437,                0.97574,                0.98982,                0.94568,                0.35184,                0.23822,                0.79173,             4.9677e-05,             4.9677e-05,             4.9677e-05
                    198,                  0.296,                0.20632,                0.82972,                0.96127,                0.97004,                0.98955,                0.94604,                0.35368,                0.23871,                0.79215,             4.1425e-05,             4.1425e-05,             4.1425e-05
                    199,                 0.2862,                0.20024,                0.82781,                0.95345,                0.97691,                 0.9895,                0.94409,                0.35394,                0.23786,                0.79167,             3.3173e-05,             3.3173e-05,             3.3173e-05
